{
    "Aruco : 219": [
        -1.2145421784046002,
        -0.8170338709822516,
        0.19387456300988395
    ],
    "Aruco : 202": [
        7.291372802622653,
        -4.284663710341359,
        -0.00048486080242987617
    ]
}