{
    "waypoint_4": [
        0.0,
        0.0,
        0.0
    ],
    "waypoint_5": [
        0.6454000302727412,
        -0.08921547809072061,
        -0.005908243920448919
    ],
    "waypoint_3": [
        -0.2840033590854585,
        -0.17622321091008483,
        0.01536610202271465
    ],
    "waypoint_6": [
        1.4313613356685129,
        -0.4605898478594811,
        -0.009098771966120314
    ],
    "waypoint_2": [
        -0.7296107754248361,
        -1.027368880631479,
        0.05365492781008333
    ],
    "waypoint_7": [
        3.4531519196480143,
        -0.1571622658451124,
        -0.04278118025346899
    ],
    "waypoint_1": [
        -0.9564375225760772,
        -1.8238703395243259,
        0.06665301351040956
    ],
    "waypoint_8": [
        5.446775800496934,
        -0.4353963741522002,
        -0.07168897359071445
    ],
    "waypoint_0": [
        -0.7033678147603806,
        -2.914091374527891,
        0.04897424237543227
    ],
    "waypoint_9": [
        6.930502103777488,
        -0.8191210977157869,
        -0.11123299560019742
    ],
    "waypoint_10": [
        7.753491929410664,
        -1.7994866391078368,
        -0.1199943986120321
    ],
    "waypoint_11": [
        7.933874187494241,
        -2.6635929118657886,
        -0.11166986755640498
    ],
    "waypoint_12": [
        7.829124017706522,
        -3.101890400662408,
        -0.12275651201744842
    ],
    "waypoint_13": [
        9.44816408458416,
        -4.493647539468008,
        -0.12013600030212508
    ],
    "waypoint_14": [
        10.903933017609694,
        -5.9374871221642875,
        -0.13334892818634164
    ],
    "waypoint_15": [
        12.416650235273424,
        -7.324110924087988,
        -0.14920101404861644
    ],
    "waypoint_16": [
        13.936077345477008,
        -8.681987225527301,
        -0.16708006530556666
    ],
    "waypoint_17": [
        15.026579584503589,
        -9.639889174672062,
        -0.18414724130629553
    ],
    "waypoint_18": [
        15.293750440949422,
        -9.475246039661211,
        -0.19747945254289523
    ],
    "waypoint_19": [
        16.41157949843111,
        -8.392131185889129,
        -0.21612875905630546
    ],
    "waypoint_20": [
        16.210172617473987,
        -8.154175113449298,
        -0.22460475741105407
    ],
    "waypoint_21": [
        14.837225220653316,
        -6.650001765549099,
        -0.2030101713201427
    ],
    "waypoint_22": [
        13.345117136665664,
        -5.29403691601355,
        -0.20680672272574088
    ],
    "waypoint_23": [
        11.566931806525515,
        -4.359109199868207,
        -0.19414251535064153
    ],
    "waypoint_24": [
        9.604268149701138,
        -3.8583657465885484,
        -0.18511066388680944
    ],
    "waypoint_25": [
        8.36359939675338,
        -3.4179330364431766,
        -0.18376076429632973
    ],
    "waypoint_26": [
        8.285586003541692,
        -3.216659411784248,
        -0.200848720924088
    ]
}