{
    "waypoint_0": [
        1.099241480744274,
        0.10722707306413592,
        0.20295607517982872
    ],
    "waypoint_3": [
        1.100212154373563,
        0.10832220775843257,
        0.2026388773782914
    ],
    "Pose - 1": [
        1.1068921338227768,
        0.10862453094965288,
        0.2022675726794767
    ],
    "Localize to Fiducial - 1": [
        1.0990770539303591,
        0.10687918683793823,
        0.2028902652417403
    ]
}