{
    "waypoint_3": [
        0.0,
        0.0,
        0.0
    ],
    "waypoint_2": [
        1.7988955912944928,
        0.1819104770150458,
        -0.0561067724900482
    ],
    "Localize to Fiducial - 1": [
        0.13907807092285873,
        0.037108465695088244,
        -0.018449581277352564
    ],
    "waypoint_0": [
        0.13633274313005372,
        0.03734661053209335,
        -0.017484085514518195
    ]
}