{
    "Aruco : 201": [
        4.686658161912724,
        2.1374414117903227,
        0.4208448552100581
    ],
    "Aruco : 202": [
        0.043162339398944094,
        2.441434320314608,
        0.2941016071129825
    ]
}