{
    "waypoint_10": [
        0.0,
        0.0,
        0.0
    ],
    "waypoint_9": [
        -1.1063586308321633,
        0.052663989012076744,
        0.03422528033985699
    ],
    "waypoint_11": [
        -0.01005904858112494,
        -0.004114706533174584,
        0.0019032548693922458
    ],
    "waypoint_8": [
        -2.2963497796440335,
        0.4723057831256379,
        0.04250952989683378
    ],
    "waypoint_12": [
        2.020405465856106,
        -0.03038309825107035,
        -0.009952973623196096
    ],
    "waypoint_7": [
        -2.4565141157732855,
        0.7505355364495965,
        0.05564780867343139
    ],
    "waypoint_13": [
        2.9145978486188544,
        -0.20968200677989007,
        -0.04983486462799544
    ],
    "waypoint_6": [
        -1.8835196679910178,
        1.2938430460931059,
        0.06835883738998859
    ],
    "waypoint_14": [
        2.914633658981565,
        -0.20973989362799503,
        -0.049831340442158666
    ],
    "waypoint_5": [
        -0.9530915257412509,
        1.4073814959296695,
        0.0812416216462874
    ],
    "waypoint_15": [
        3.9110368052619915,
        0.08218041449863636,
        -0.048092309588758785
    ],
    "waypoint_4": [
        1.0808589583149348,
        1.4611969540094392,
        0.11297756722979538
    ],
    "waypoint_16": [
        3.9533494502332474,
        0.020136265406741884,
        -0.03676069036914948
    ],
    "waypoint_3": [
        3.1494729885844563,
        1.692341571593068,
        0.14577777456920316
    ],
    "waypoint_2": [
        4.135833274638681,
        1.3477774041235786,
        0.16482010341084763
    ],
    "waypoint_1": [
        4.590556518618678,
        0.968036228101235,
        0.1622046301497613
    ],
    "waypoint_0": [
        4.565471832367663,
        -0.12048287738631236,
        0.17440604838990462
    ]
}