{
    "waypoint_0": [
        0.9394401722566205,
        0.1265132625411413,
        0.20703298920348098
    ],
    "waypoint_17": [
        2.6282479831486807,
        -0.324618999967668,
        0.18519420641862205
    ],
    "waypoint_2": [
        2.9359099863699916,
        0.015673354368322134,
        0.2039693947451772
    ],
    "waypoint_11": [
        1.6530476976606927,
        -7.998315283868221,
        0.12959539253015895
    ],
    "waypoint_3": [
        3.5002675045745884,
        -0.42831082923389807,
        0.20597827341753588
    ],
    "Localize - 2": [
        4.336787723097127,
        -4.188036864674966,
        0.13686086469427544
    ],
    "waypoint_18": [
        2.281726174804787,
        -0.23565830928049278,
        0.1861540750130726
    ],
    "waypoint_9": [
        3.7669773353336136,
        -8.868851392472116,
        0.10841983739102895
    ],
    "waypoint_14": [
        3.2187027982500216,
        -3.685615667370098,
        0.11578953627472736
    ],
    "waypoint_15": [
        3.626550756120386,
        -1.7464837859336593,
        0.19289138061156125
    ],
    "waypoint_10": [
        2.042486566096306,
        -8.515154563209803,
        0.12867798618894735
    ],
    "waypoint_6": [
        4.129362563702696,
        -6.2329798000415035,
        0.08670912646246036
    ],
    "waypoint_7": [
        4.1952429284455075,
        -8.266454256894209,
        0.10168465221837099
    ],
    "waypoint_12": [
        1.5971019348082751,
        -7.387024932226275,
        0.13398266205185358
    ],
    "waypoint_16": [
        3.46481192662588,
        -1.0848704271174712,
        0.17408489477804456
    ],
    "Pose - 1": [
        4.096590631912773,
        -8.958355484305455,
        0.09677606694116135
    ],
    "waypoint_4": [
        4.0391915097477815,
        -2.376665660258069,
        0.18358780856086795
    ],
    "waypoint_13": [
        2.3655906868198846,
        -5.547481019970107,
        0.16360056656198427
    ],
    "waypoint_19": [
        1.0352199663933872,
        0.10708260564661996,
        0.21165413596949323
    ],
    "Localize - 1": [
        0.9384748751350667,
        0.11730039478726845,
        0.20478428003874288
    ]
}