{
    "waypoint14": [
        0.0,
        0.0,
        0.0
    ],
    "waypoint15": [
        -0.30893321473730984,
        -0.2903746563582903,
        0.006606095011634958
    ],
    "Pose 513": [
        0.25874371401275476,
        0.18214513476974506,
        -0.0057999602918281
    ],
    "waypoint16": [
        -1.7138147058157258,
        -1.7243924452680133,
        0.053778361105443116
    ],
    "waypoint12": [
        -0.38547789006642486,
        0.6624307636633323,
        -0.0028045376350847254
    ],
    "Pose 617": [
        -2.6777059109972527,
        -2.6591521808922307,
        0.09117797484390769
    ],
    "waypoint11": [
        -0.7390457502615935,
        0.9075435241497791,
        -0.0030971112123807727
    ],
    "waypoint18": [
        -2.9591409754890705,
        -2.8155377363619873,
        0.10077536624073734
    ],
    "Pose 410": [
        -0.9830567372563113,
        1.108371440116826,
        -0.008004058012439244
    ],
    "waypoint19": [
        -4.417339742598803,
        -4.215739044845168,
        0.1276389137521489
    ],
    "waypoint9": [
        -1.2368105902465378,
        0.8179475844329329,
        0.003868958680925816
    ],
    "Pose 720": [
        -4.623414596412026,
        -4.3903416932425205,
        0.12757751901586928
    ],
    "waypoint8": [
        -2.5205987652780975,
        -0.7309868533058521,
        0.05559506979967755
    ],
    "waypoint21": [
        -4.630603841523187,
        -4.394527660002985,
        0.12914824223782695
    ],
    "Pose 37": [
        -3.8109814154763915,
        -2.2686683021720135,
        0.09547273429230574
    ],
    "waypoint6": [
        -4.81436352455985,
        -3.536249754543876,
        0.14089771038399887
    ],
    "waypoint5": [
        -6.037282926857072,
        -5.122738181293296,
        0.20174600214229899
    ],
    "Pose 24": [
        -6.301801435797637,
        -5.474903852440966,
        0.2118551280776704
    ],
    "waypoint3": [
        -6.151266713964221,
        -6.783393477409802,
        0.2429601669319918
    ],
    "waypoint2": [
        -5.907449353262964,
        -8.768193259950642,
        0.28246256534580355
    ],
    "Pose 11": [
        -5.825699870137247,
        -9.21487208759073,
        0.2892175957598085
    ],
    "waypoint0": [
        -5.834669134391709,
        -9.208437093279862,
        0.2870811761485622
    ]
}