{
    "202": [
        5.1125268262861665,
        -4.571245354885184,
        0.3486032828431133
    ],
    "217": [
        -0.024870566457450564,
        0.010658802473077962,
        -0.03971079239103129
    ]
}