{
    "waypoint_8": [
        1.046343324483978,
        0.15412006464548186,
        0.16320247823515924
    ],
    "waypoint_6": [
        2.8085128815853375,
        -0.1645428961678454,
        0.1554183191696534
    ],
    "waypoint_3": [
        3.217221368928943,
        -0.6018359685354362,
        0.15715263640789337
    ],
    "waypoint_5": [
        3.6156685000554996,
        -1.745208055043138,
        0.15054583296340052
    ],
    "Localize - 1": [
        1.0689371269427315,
        0.034995290650979574,
        0.16910853661502248
    ],
    "waypoint_0": [
        1.0720657860788119,
        0.036814545446777126,
        0.17600328151444505
    ],
    "waypoint_4": [
        3.6238167226203712,
        -2.069865991495534,
        0.2335331176835062
    ],
    "waypoint_2": [
        2.6893041225308116,
        -0.05195276581384918,
        0.16674806473464518
    ],
    "waypoint_7": [
        2.5005170481249643,
        -0.23421356181401007,
        0.15435693617010657
    ]
}