{
    "waypoint_1": [
        0.0,
        0.0,
        0.0
    ],
    "waypoint_2": [
        0.061954371273727105,
        0.45375276315461754,
        0.013079599727716773
    ],
    "waypoint_0": [
        1.7023743298378993,
        0.42148032652787193,
        -0.05549751442566779
    ],
    "waypoint_3": [
        1.8407513745043753,
        0.5170790566955069,
        -0.057353977309357235
    ]
}