{
    "Aruco : 202": [
        -1.742314944792902,
        -0.7299796414866455,
        0.11664104234128406
    ],
    "Aruco : 201": [
        -6.319367963633051,
        -0.621232557608111,
        0.08166465272368406
    ]
}