{
    "waypoint_4": [
        0.0,
        0.0,
        0.0
    ],
    "waypoint_3": [
        -2.023947831964686,
        -0.0022957590650833433,
        0.022489720603988576
    ],
    "waypoint_5": [
        1.1526983351858107,
        -0.013007515548423498,
        -0.016228759382152985
    ],
    "waypoint_2": [
        -4.03132496376877,
        0.08170304251942917,
        0.04937137219145852
    ],
    "waypoint_6": [
        1.1317926345530336,
        0.32623432918006834,
        -0.02110565316095426
    ],
    "waypoint_1": [
        -6.049621729935758,
        0.3803817292881011,
        0.06250136326160013
    ],
    "waypoint_7": [
        1.222216889819616,
        1.182951489526662,
        -0.025062553962098326
    ],
    "waypoint_0": [
        -6.337583981103128,
        0.5070876874233178,
        0.05522198900853828
    ],
    "waypoint_8": [
        0.8506037216078586,
        1.1993735707623916,
        -0.025067229212843257
    ],
    "waypoint_9": [
        -0.0060002856937276805,
        1.024872163207195,
        -0.026339219269874585
    ],
    "waypoint_10": [
        -1.8746472344074245,
        0.1694649712837648,
        -0.08104155805161281
    ],
    "waypoint_11": [
        -3.90983012456051,
        0.22602387264208726,
        -0.10555117867378579
    ],
    "waypoint_12": [
        -5.911271418865488,
        0.37305900267166603,
        -0.13994384929946893
    ],
    "waypoint_13": [
        -5.901803945023349,
        0.39208194262233814,
        -0.14792211139326514
    ]
}