{
    "Aruco : 219": [
        -0.10750377822223389,
        6.581604963191976,
        0.3110646106528811
    ],
    "Aruco : 202": [
        -0.037059457090711234,
        -2.51727501062255,
        0.09801402884961694
    ],
    "Aruco : 201": [
        1.577964611924396,
        1.7736088549806643,
        0.3580121806783393
    ]
}