{
    "waypoint_8": [
        0.0,
        0.0,
        0.0
    ],
    "waypoint_9": [
        1.0668533322405507,
        -0.13095898495006075,
        -0.020108462624509604
    ],
    "waypoint_7": [
        -0.3015530880940633,
        -0.03362134412178232,
        0.01278139909065722
    ],
    "waypoint_10": [
        2.016448049655144,
        -1.0834075785135868,
        -0.048375661643660986
    ],
    "waypoint_6": [
        0.24298487504719085,
        1.4325580184104738,
        0.054162622209542155
    ],
    "waypoint_11": [
        2.167317800145332,
        -1.692642778259997,
        -0.06487838158928357
    ],
    "waypoint_5": [
        0.47358679676047055,
        3.4701623901864744,
        0.08749592720930977
    ],
    "waypoint_12": [
        1.6604779286239908,
        -3.734310429292126,
        -0.10338166358693156
    ],
    "waypoint_4": [
        0.7748450808402376,
        4.654985096809316,
        0.08697328407835515
    ],
    "waypoint_13": [
        1.3030426227776148,
        -4.946792177492064,
        -0.12486464851522802
    ],
    "waypoint_3": [
        1.049404618750549,
        4.782161636754648,
        0.08734522719962969
    ],
    "waypoint_14": [
        1.4819766698307677,
        -4.896689489314305,
        -0.11873344701784766
    ],
    "waypoint_2": [
        2.264332087186525,
        3.191652432104083,
        0.10185743122596383
    ],
    "waypoint_1": [
        3.1748917582753418,
        1.351825215585386,
        0.10719671129935979
    ],
    "waypoint_0": [
        2.9603144658402734,
        1.020642012443601,
        0.09692377668482796
    ]
}