{
    "waypoint_0": [
        0.0,
        0.0,
        0.0
    ],
    "waypoint_1": [
        0.9257388917260057,
        -0.3288909739345097,
        -0.0018886553393989702
    ]
}