{
    "Aruco : 202": [
        1.3004982660639146,
        1.0146932712018313,
        0.18398583276641212
    ],
    "Aruco : 215": [
        -3.341932943982966,
        -2.004432689967401,
        -0.10827942241703009
    ]
}