{
    "waypoint_4": [
        0.0,
        0.0,
        0.0
    ],
    "Localize to Fiducial - 1": [
        1.403691951185249,
        0.011732253451937513,
        -0.01737168466658373
    ],
    "waypoint_3": [
        -2.0123468035226493,
        -0.08663098835474756,
        0.024705523547600913
    ],
    "waypoint_6": [
        1.4070633653891897,
        0.0011493288709439591,
        -0.016356118513752342
    ],
    "waypoint_2": [
        -3.978537465955018,
        -0.4628045476532008,
        0.03638190471753276
    ],
    "waypoint_1": [
        -4.133144522145697,
        -0.7437217865877581,
        0.04689716031729499
    ],
    "waypoint_0": [
        -4.122114130646582,
        -2.317059082540087,
        0.06818520632909464
    ]
}