{
    "waypoint_1": [
        0.0,
        0.0,
        0.0
    ],
    "waypoint_2": [
        2.064246008855056,
        -0.04446890687202787,
        -0.07317878926108215
    ],
    "waypoint_0": [
        -0.3521967369676815,
        -0.028317056359519116,
        -0.007624353174916921
    ],
    "waypoint_3": [
        4.132171038796265,
        -0.13298746803378647,
        -0.1475670690541561
    ],
    "waypoint_4": [
        6.146443634735541,
        -0.3375534301352576,
        -0.21516277978788728
    ],
    "waypoint_5": [
        7.290036916535052,
        -0.03271161380539134,
        -0.2540764195890955
    ],
    "waypoint_6": [
        7.97922728749799,
        0.7265145002674203,
        -0.2770075435231912
    ],
    "waypoint_7": [
        8.214724494412762,
        1.161679855422828,
        -0.29271038131359906
    ],
    "waypoint_8": [
        7.750198923006064,
        3.1537082853511262,
        -0.25061778980341315
    ],
    "waypoint_9": [
        7.35093564162577,
        5.058334927019358,
        -0.25144481096299887
    ],
    "Pose - 1": [
        7.23230317280562,
        5.159892553356506,
        -0.24013847836854835
    ],
    "waypoint_11": [
        7.256236854661667,
        4.802415235494482,
        -0.21768665414474803
    ],
    "waypoint_12": [
        7.66606058658203,
        3.5904886906202194,
        -0.25338320775918444
    ],
    "waypoint_13": [
        7.811701525502075,
        1.5505767939199262,
        -0.24622364408320463
    ],
    "waypoint_14": [
        7.48723169830323,
        0.9237088069225357,
        -0.26634377185380576
    ],
    "waypoint_15": [
        5.672329996994784,
        -0.08384880529893013,
        -0.22754628315704362
    ],
    "waypoint_16": [
        3.9793308461717096,
        -1.195257130687251,
        -0.19455513884180803
    ],
    "waypoint_17": [
        2.30409004016324,
        -2.3566843310163703,
        -0.1687750319167785
    ],
    "waypoint_18": [
        0.7124079271050769,
        -3.2192672951378474,
        -0.14787506065635392
    ],
    "waypoint_19": [
        0.5940701139820097,
        -3.2706377158893196,
        -0.15705982255400075
    ]
}