{
    "waypoint_101": [
        0.0,
        0.0,
        0.0
    ],
    "waypoint_100": [
        -2.040880239822294,
        -0.07078561779909953,
        0.02026622518378179
    ],
    "waypoint_102": [
        2.01689158056476,
        0.027834172483672148,
        -0.03760155932205533
    ],
    "waypoint_99": [
        -4.04137424146143,
        -0.15545823395762198,
        0.04937428603078065
    ],
    "waypoint_103": [
        4.085994694992319,
        0.03767978882928691,
        -0.05933228719728101
    ],
    "waypoint_98": [
        -6.07541351128798,
        -0.07817603799213549,
        0.08441054414051863
    ],
    "waypoint_104": [
        6.132232093104446,
        -0.1159921093170431,
        -0.0970129293975058
    ],
    "waypoint_97": [
        -8.138575127300943,
        -0.005792567397963244,
        0.12022585243265535
    ],
    "waypoint_105": [
        8.123759013239646,
        -0.3676962730518979,
        -0.13212052289131046
    ],
    "waypoint_96": [
        -10.148789348355507,
        0.11396796450102853,
        0.15999485119361526
    ],
    "waypoint_106": [
        10.154102071700116,
        -0.4388450343119873,
        -0.1712449339980539
    ],
    "waypoint_95": [
        -12.158255230878872,
        0.2498817676528208,
        0.18908286175212302
    ],
    "waypoint_107": [
        12.204222917774484,
        -0.517931352085235,
        -0.19295638644991908
    ],
    "waypoint_94": [
        -14.26511568981,
        0.2614162179863345,
        0.23162865366068475
    ],
    "waypoint_108": [
        14.307978801941275,
        -0.6069939957577494,
        -0.2064959608447117
    ],
    "waypoint_93": [
        -16.333002152881253,
        0.3289986018223485,
        0.2718212386452383
    ],
    "waypoint_109": [
        16.311774385392326,
        -0.6276570141003679,
        -0.22667007472904005
    ],
    "waypoint_92": [
        -18.335944313135343,
        0.5083725175921544,
        0.30511816105775635
    ],
    "waypoint_110": [
        18.337437837746652,
        -0.66567215024321,
        -0.2403510054724311
    ],
    "waypoint_91": [
        -20.33963098517982,
        0.685415981319279,
        0.33498569300545145
    ],
    "waypoint_111": [
        20.380124694775887,
        -0.5808542537685503,
        -0.2534256754374382
    ],
    "waypoint_90": [
        -22.362957152661327,
        0.7516771156990788,
        0.3618747580860612
    ],
    "waypoint_112": [
        22.448678783318453,
        -0.4742495793080066,
        -0.28495635999195346
    ],
    "waypoint_89": [
        -24.382225149170665,
        0.7781354715163147,
        0.38129910028422614
    ],
    "waypoint_113": [
        24.44080208060623,
        -0.06484417259990416,
        -0.30719988185093305
    ],
    "waypoint_88": [
        -26.419527423391905,
        0.7783737719172888,
        0.41430468739848336
    ],
    "waypoint_114": [
        26.33379285506483,
        0.7358530859163483,
        -0.3336793338036519
    ],
    "waypoint_87": [
        -28.440872241132194,
        0.8352966054871384,
        0.44243193398767733
    ],
    "waypoint_115": [
        28.056817667301157,
        1.815417139332656,
        -0.3681279777692475
    ],
    "waypoint_86": [
        -30.47452861832506,
        0.8658618522864442,
        0.47176923131486376
    ],
    "waypoint_116": [
        29.523956237161016,
        3.2633632559638963,
        -0.41119767358387527
    ],
    "waypoint_85": [
        -32.50574509031396,
        0.874508660885381,
        0.5102600521927768
    ],
    "waypoint_117": [
        30.625761660494963,
        5.014492337763857,
        -0.42961281062553147
    ],
    "waypoint_84": [
        -34.58811315800002,
        0.9241420203202639,
        0.5416796161728223
    ],
    "waypoint_118": [
        31.388182571589077,
        6.911894257445154,
        -0.43378124507667304
    ],
    "waypoint_83": [
        -36.649157450935746,
        0.7998117844736498,
        0.5608790075523172
    ],
    "waypoint_119": [
        31.705685571189054,
        8.905447153185216,
        -0.44080893172870994
    ],
    "waypoint_82": [
        -38.73089292995804,
        0.6790710135880028,
        0.5865318377367802
    ],
    "waypoint_120": [
        31.733456110816103,
        10.996088564108646,
        -0.4651132877222546
    ],
    "waypoint_81": [
        -40.80019280263074,
        0.7238239374938923,
        0.6347587760486294
    ],
    "waypoint_121": [
        31.86439480425303,
        12.754801462522492,
        -0.48849431454268
    ],
    "waypoint_80": [
        -42.824008405008605,
        0.8532923581637158,
        0.6682231574564279
    ],
    "waypoint_79": [
        -44.826107565436956,
        0.9054428696674555,
        0.7018705216971868
    ],
    "waypoint_78": [
        -46.88824704696274,
        0.8631747589014961,
        0.7319289015080925
    ],
    "waypoint_77": [
        -48.968331219785156,
        0.8265678558571609,
        0.7657034899948247
    ],
    "waypoint_76": [
        -51.00586640385278,
        0.7887325061392612,
        0.7818884019234731
    ],
    "waypoint_75": [
        -53.06781295305867,
        0.8414634817988826,
        0.805353052649534
    ],
    "waypoint_74": [
        -55.135384371194206,
        0.9739920243542297,
        0.8242943591903351
    ],
    "waypoint_73": [
        -57.19107143074214,
        0.8911764617835842,
        0.8530465406005489
    ],
    "waypoint_72": [
        -59.23995423977174,
        0.9462760722175625,
        0.7667017256165142
    ],
    "waypoint_71": [
        -61.22228443995256,
        0.5994051831430891,
        0.7936659753228197
    ],
    "waypoint_70": [
        -61.59431395672958,
        0.6219930573313824,
        0.8074892189423625
    ],
    "waypoint_69": [
        -62.29976063823204,
        1.0052707417445803,
        0.8229537690429192
    ],
    "waypoint_68": [
        -63.27564552396487,
        2.7640772358671875,
        0.8365070710581702
    ],
    "waypoint_67": [
        -64.25884984510292,
        4.55922406052308,
        0.8493162564230764
    ],
    "waypoint_66": [
        -64.91521180504803,
        4.880689806174583,
        0.8592437357354495
    ],
    "waypoint_65": [
        -65.29330719548635,
        4.876425604652556,
        0.8650328770797057
    ],
    "waypoint_64": [
        -66.31367836527713,
        4.346114581027073,
        0.8795268146934044
    ],
    "waypoint_63": [
        -67.36376754605806,
        2.6199189260498654,
        0.9052490034197026
    ],
    "waypoint_62": [
        -68.8814847259427,
        1.4457564649639052,
        0.9124360564738245
    ],
    "waypoint_61": [
        -70.69118864883141,
        1.441359942947044,
        1.0360850969546425
    ],
    "waypoint_60": [
        -72.72671943984685,
        1.5057286437464483,
        1.0774734363449252
    ],
    "waypoint_59": [
        -74.74179896116898,
        1.3643221393422242,
        1.1118705665084079
    ],
    "waypoint_58": [
        -76.84650476105064,
        1.3232757663188055,
        1.1377520490922917
    ],
    "waypoint_57": [
        -78.89044575073407,
        1.422030628889005,
        1.166409172862867
    ],
    "waypoint_56": [
        -80.90379718884736,
        1.535525450622908,
        1.0983794238718323
    ],
    "waypoint_55": [
        -82.96948914817771,
        1.3315735592172293,
        1.1349307679701166
    ],
    "waypoint_54": [
        -84.98671334153491,
        1.319392642679586,
        1.187787175418011
    ],
    "waypoint_53": [
        -87.03635093040357,
        1.3255916075424268,
        1.2269616364502305
    ],
    "waypoint_52": [
        -89.10592865960517,
        1.3277660902316408,
        1.2717750425638352
    ],
    "waypoint_51": [
        -91.1478532337858,
        1.414630460051345,
        1.3271964544728612
    ],