{
    "Aruco : 202": [
        0.9793295195994292,
        0.34151565619303836,
        0.13782866583346184
    ],
    "Aruco : 200": [
        0.9613653805332851,
        -4.268926444263139,
        0.07937918946571584
    ]
}