{
    "waypoint_1": [
        0.0,
        0.0,
        0.0
    ],
    "waypoint_2": [
        1.505384376379979,
        -0.4264277828433446,
        -0.02760274725686629
    ],
    "waypoint_0": [
        -0.4649990086825545,
        -0.10499301379888781,
        -0.004354521446713062
    ],
    "waypoint_3": [
        1.276250624180131,
        -0.5449187180907153,
        -0.042316835905039096
    ],
    "waypoint_4": [
        1.7093032541658797,
        -0.779341045873007,
        -0.04878935505405519
    ],
    "waypoint_5": [
        2.2614941375179716,
        -2.507656900781613,
        -0.04698609568629275
    ],
    "waypoint_6": [
        2.079789032047581,
        -3.1197656731683514,
        -0.07196749662378768
    ]
}