{
    "Aruco : 204": [
        12.01916600760996,
        -1.0768691495273943,
        -0.07140445418855042
    ],
    "Aruco : 203": [
        -0.6630624556733542,
        33.80481142657097,
        1.1499266765436387
    ],
    "Aruco : 202": [
        25.473935606327665,
        33.016897188699616,
        1.1904228065919276
    ],
    "Aruco : 201": [
        16.596154411342415,
        -2.885805725329042,
        0.3990890702592848
    ],
    "Aruco : 205": [
        16.280855759219826,
        -3.84097379448084,
        -5.000308855663649
    ]
}