{
    "waypoint_77": [
        0.0,
        0.0,
        0.0
    ],
    "waypoint_78": [
        2.095724654145993,
        -0.0014544151969904107,
        -0.022421103450031232
    ],
    "waypoint_76": [
        -1.166876985528778,
        0.2936433923289576,
        0.02859348570459568
    ],
    "waypoint_79": [
        4.138642330391459,
        -0.09669100941682479,
        -0.03672054793839949
    ],
    "waypoint_75": [
        -1.5174071753976115,
        0.6955283553018166,
        0.04227542354920682
    ],
    "waypoint_80": [
        6.192245530805808,
        -0.3235890259165012,
        -0.0456944518222944
    ],
    "waypoint_74": [
        -1.7103677617843678,
        1.843898533666521,
        0.08039197456927308
    ],
    "waypoint_81": [
        8.232196922377149,
        -0.434812015619719,
        -0.06385863619242121
    ],
    "waypoint_73": [
        -1.5898226625297514,
        3.874092002604632,
        0.14844899282070184
    ],
    "waypoint_82": [
        10.27643627774852,
        -0.3969649848969153,
        -0.08281429638835502
    ],
    "waypoint_72": [
        -1.8410494332713643,
        5.931708499085461,
        0.22566722484585025
    ],
    "waypoint_83": [
        11.760434880902592,
        -0.4877973781664235,
        -0.09850904617066444
    ],
    "waypoint_71": [
        -2.1738779292668164,
        6.200487455659541,
        0.23544922293374568
    ],
    "waypoint_84": [
        12.012682909129088,
        -0.23833381848273943,
        -0.0897691964140472
    ],
    "waypoint_70": [
        -2.715475826905982,
        6.405711643758071,
        0.23997511297796498
    ],
    "waypoint_85": [
        12.407167659130812,
        -0.047892778611061004,
        -0.06924837665291958
    ],
    "waypoint_69": [
        -2.9721083868856306,
        6.628062647090925,
        0.24471964508795602
    ],
    "waypoint_86": [
        12.46002811271201,
        1.9611117998215892,
        -0.030107844601679742
    ],
    "waypoint_68": [
        -3.6968196941732505,
        7.650090734430561,
        0.27600521620281937
    ],
    "waypoint_87": [
        13.32398569827188,
        3.818097697351626,
        0.017155325657703474
    ],
    "waypoint_67": [
        -3.3457341323196497,
        8.960237455048999,
        0.33080580555377803
    ],
    "waypoint_88": [
        13.251077966427117,
        5.883008874599675,
        0.058181995575712575
    ],
    "waypoint_66": [
        -3.2684610328936965,
        11.029534098196805,
        0.38618951318517203
    ],
    "waypoint_89": [
        13.420448921005637,
        7.895047870646934,
        0.1001418355365141
    ],
    "waypoint_65": [
        -3.477863584168934,
        13.083200875876281,
        0.45222232146046504
    ],
    "waypoint_90": [
        13.572781023428771,
        9.918859131586936,
        0.13980041617314043
    ],
    "waypoint_64": [
        -3.143105121126283,
        15.129810073996763,
        0.5173484885545112
    ],
    "waypoint_91": [
        13.182515903200509,
        10.999361254418282,
        0.1694514774047922
    ],
    "waypoint_63": [
        -3.066927405287417,
        17.145246482010805,
        0.5847870184239523
    ],
    "waypoint_92": [
        12.559036058338048,
        11.390100007735194,
        0.17138366533461485
    ],
    "waypoint_62": [
        -3.115747830526433,
        19.191826571844224,
        0.6580129762022301
    ],
    "waypoint_93": [
        11.17485397664088,
        11.471938934799446,
        0.16529555073787594
    ],
    "waypoint_61": [
        -2.9216563677316407,
        21.25561270462155,
        0.7298195320463298
    ],
    "waypoint_94": [
        9.312413553219736,
        10.692289148611577,
        0.14568725946595076
    ],
    "waypoint_60": [
        -2.290076566044898,
        23.230167360194084,
        0.7927687149710407
    ],
    "Pose - 1": [
        9.022572743094614,
        10.505091936939033,
        0.12832737226385302
    ],
    "waypoint_59": [
        -1.3823595820514551,
        25.081001160773436,
        0.8506661340115825
    ],
    "waypoint_96": [
        9.293417803767841,
        10.650150497608509,
        0.14572429700192627
    ],
    "waypoint_58": [
        -0.4672934972090522,
        26.887481160476575,
        0.916573625512108
    ],
    "waypoint_97": [
        9.449396696485687,
        10.921062058396485,
        0.18697641300870652
    ],
    "waypoint_57": [
        0.002507825139931308,
        28.94241694950794,
        0.9637891337592058
    ],
    "waypoint_98": [
        10.662491895725841,
        11.592542675217452,
        0.18530342923524223
    ],
    "waypoint_56": [
        -0.06797303591066454,
        30.986520685341187,
        1.0154724948465668
    ],
    "waypoint_99": [
        11.342254686021704,
        11.48007811077233,
        0.17513581244762022
    ],
    "waypoint_55": [
        -0.36768108099358937,
        31.08795723390545,
        1.0147700979246104
    ],
    "waypoint_100": [
        11.676016671920582,
        11.213785393446816,
        0.17450789857880927
    ],
    "waypoint_54": [
        0.0739879126438277,
        33.0487294247887,
        1.0867320144315797
    ],
    "waypoint_101": [
        12.047522161992669,
        10.979053265096846,
        0.16379207947449348
    ],
    "waypoint_53": [
        0.47958335911311484,
        33.37109540184913,
        1.094553492859121
    ],
    "waypoint_102": [
        13.263752860041821,
        10.642623383978853,
        0.1577209965420701
    ],
    "waypoint_52": [
        1.0824889624966938,
        33.48849863320895,
        1.0825382222334419
    ],
    "waypoint_103": [
        13.391886490347304,
        10.349530982967373,
        0.14184904609544022
    ],
    "waypoint_51": [
        0.7740311530496204,
        33.69193891083383,
        1.1047327001313638
    ],
    "waypoint_104": [
        13.606433634677806,
        8.318914969998396,
        0.08053144135136042
    ],
    "waypoint_50": [
        2.793612003852594,
        33.58814192471824,
        1.0973911939203167
    ],
    "waypoint_105": [
        13.387312569694751,
        6.2646226671833425,
        0.015255295085062723
    ],
    "waypoint_49": [
        4.808480897587039,
        33.4442856498048,
        1.094224653149234
    ],
    "waypoint_106": [
        13.268798635719948,
        4.19622951514345,
        -0.052745744075538684
    ],
    "waypoint_48": [
        6.839500548536323,
        33.22471083543458,
        1.0989078688089902
    ],
    "waypoint_107": [
        12.66512851149325,
        2.212509387014755,
        -0.1199363624014181
    ],
    "waypoint_47": [
        8.840448273066833,
        33.11026411234752,
        1.0975272157172493
    ],
    "waypoint_108": [
        12.040661629882251,
        0.3114558657697102,
        -0.19732568638669187
    ],
    "waypoint_46": [
        10.885720386257743,
        33.02319092533188,
        1.1053702062212107
    ],
    "waypoint_109": [
        11.868389436032839,
        0.03417432968250905,
        -0.19366260529247561
    ],
    "waypoint_45": [
        12.958306769799233,
        32.935688873333326,
        1.1105273267334825
    ],
    "waypoint_110": [
        12.258051502639859,
        -0.356123427289263,
        -0.21701955751341184
    ],
    "waypoint_44": [
        15.044754765249841,
        32.8779058293557,
        1.111445058211713
    ],
    "waypoint_111": [
        12.545437198887234,
        -0.46649921142337114,
        -0.2047185578200984
    ],
    "waypoint_43": [
        17.076927224448443,
        32.77229561670849,
        1.1126539133380549
    ],
    "waypoint_112": [
        14.550041563249957,
        -0.5597568993900759,
        -0.22046065882327026
    ],
    "waypoint_42": [
        19.078228565117573,
        32.6447086259451,
        1.1026081739496407
    ],