{
    "Pose - 1": [
        0.0,
        0.0,
        0.0
    ],
    "waypoint_1": [
        0.004541399957315793,
        -0.0018432080706678017,
        0.0007684817716499459
    ],
    "waypoint_3": [
        0.00811462262607078,
        -0.0016092064453709642,
        0.00042562793215211725
    ],
    "waypoint_0": [
        0.015847235003488242,
        -0.012393332632855275,
        0.0104227872308034
    ]
}