{
    "waypoint_5": [
        0.0,
        0.0,
        0.0
    ],
    "waypoint_6": [
        0.2925314355691828,
        0.12433581729329024,
        -0.004630862607621428
    ],
    "waypoint_4": [
        -2.031880188610841,
        -0.015793959925735707,
        0.04098567425035669
    ],
    "waypoint_7": [
        -0.0047350939949385995,
        1.9739169914873629,
        0.009070436666184619
    ],
    "waypoint_3": [
        -4.06083781425453,
        -0.03935671238516676,
        0.08395355740201221
    ],
    "waypoint_8": [
        -0.33596675785306057,
        2.0717426082690773,
        0.020045048008327647
    ],
    "waypoint_2": [
        -6.108716746810012,
        -0.0028190975144933503,
        0.11907624124822773
    ],
    "waypoint_9": [
        -2.380580279789939,
        1.7177388956496698,
        0.04164182339074028
    ],
    "waypoint_1": [
        -8.105227269679684,
        -0.1868000722640938,
        0.1593078984156871
    ],
    "waypoint_10": [
        -4.410607095195816,
        1.6453834719906302,
        0.05551534650072714
    ],
    "waypoint_0": [
        -8.42905620989752,
        -0.27588644119025973,
        0.14103063554726214
    ],
    "waypoint_11": [
        -6.4409926091374174,
        1.3773888098778049,
        0.07222343831574699
    ],
    "waypoint_12": [
        -7.9036710035461875,
        0.0702080373689209,
        0.06375807330070435
    ],
    "waypoint_13": [
        -7.896129728595377,
        0.06166078530234212,
        0.06232495746347926
    ]
}