{
    "Aruco : 201": [
        -3.906276617779646,
        -0.01492530281620752,
        -0.583749704423477
    ],
    "Aruco : 205": [
        -4.855797719953797,
        -0.8905801544941649,
        -5.831544529345999
    ],
    "Aruco : 202": [
        24.7685627240118,
        25.082595955673778,
        -1.8656853686841361
    ],
    "Aruco : 200": [
        -3.9892567756851034,
        0.516349734998748,
        -5.9523639286834555
    ],
    "Aruco : 203": [
        3.37750265296999,
        40.00627154106811,
        -2.506387704533701
    ],
    "Aruco : 204": [
        -6.303658790036836,
        4.085127656300429,
        -0.7856705981264179
    ]
}