{
    "waypoint_38": [
        0.0,
        0.0,
        0.0
    ],
    "waypoint_37": [
        -1.0586795602638641,
        -0.6180487309757363,
        0.04071469258374344
    ],
    "waypoint_39": [
        0.8957072139795574,
        -0.2841791918895362,
        0.0014923447427737102
    ],
    "waypoint_36": [
        -1.2809827584111915,
        -0.866672500802502,
        0.05498295739667619
    ],
    "waypoint_40": [
        2.5569180696709934,
        -1.3998150979421367,
        0.030533389850749562
    ],
    "waypoint_35": [
        -0.9834044774700079,
        -0.9336467590180108,
        0.04851622306728039
    ],
    "waypoint_41": [
        4.325469412931762,
        -2.4127496850752896,
        0.045952213283430944
    ],
    "waypoint_34": [
        -0.3938744967980998,
        -1.3792404232759556,
        -0.2705941709570156
    ],
    "waypoint_42": [
        5.217258708560822,
        -2.471826979585984,
        0.02928659855747631
    ],
    "waypoint_33": [
        1.001654973725315,
        -2.361532354226878,
        -1.448648757628596
    ],
    "waypoint_43": [
        5.642051844751097,
        -2.1998577468949136,
        0.006434182555167714
    ],
    "waypoint_32": [
        2.4333066498829514,
        -3.333272656418497,
        -2.5355994369422703
    ],
    "waypoint_44": [
        6.685128979231791,
        -0.3791177865408044,
        -0.12449737586233896
    ],
    "waypoint_31": [
        2.698738614104005,
        -4.076907169021312,
        -2.577997644105444
    ],
    "waypoint_45": [
        8.055552603840594,
        1.190917321322341,
        -0.23543261423148532
    ],
    "waypoint_30": [
        2.736579895814634,
        -4.417354992906521,
        -2.574263756782247
    ],
    "waypoint_46": [
        8.767181808664825,
        1.591125792940452,
        -0.26882271817858017
    ],
    "waypoint_29": [
        2.48838042547812,
        -4.765735309181747,
        -2.5596164601351457
    ],
    "waypoint_47": [
        10.787235577337707,
        1.5471723147610454,
        -0.305641189820527
    ],
    "waypoint_28": [
        2.235184748852464,
        -4.943796026794465,
        -2.555055082588017
    ],
    "waypoint_48": [
        11.571920725725548,
        2.0517870932894393,
        -0.3503137567805528
    ],
    "waypoint_27": [
        1.5190161692616497,
        -4.612298735446185,
        -2.734004886599128
    ],
    "waypoint_49": [
        12.524744331413132,
        3.8487186313797332,
        -0.4834107213808244
    ],
    "waypoint_26": [
        0.15834963230265564,
        -3.7261282081022347,
        -3.9911999691757307
    ],
    "waypoint_50": [
        13.856904202695292,
        5.431522929521319,
        -0.5965670048985139
    ],
    "waypoint_25": [
        -1.272699507333184,
        -2.815379837889603,
        -5.140962545269536
    ],
    "waypoint_51": [
        15.090542456115568,
        7.095990175394187,
        -0.7041379033867206
    ],
    "waypoint_24": [
        -1.4620414348656878,
        -2.57378487937123,
        -5.189108982392873
    ],
    "waypoint_52": [
        16.237993603203652,
        8.754735006024875,
        -0.8150973151975334
    ],
    "waypoint_23": [
        -1.643752765538534,
        -2.3080369408049,
        -5.204608337371185
    ],
    "waypoint_53": [
        17.46421365174044,
        10.395259503486702,
        -0.9483296999302315
    ],
    "waypoint_22": [
        -1.9289345755592857,
        -2.1283685407546344,
        -5.2273378489260365
    ],
    "waypoint_54": [
        18.65448464024523,
        12.075573216209555,
        -1.073024478142155
    ],
    "waypoint_21": [
        -1.7271638761624974,
        -1.8863846646085543,
        -5.229246783462146
    ],
    "waypoint_55": [
        19.82468575629287,
        13.791429744749177,
        -1.2050858621443452
    ],
    "waypoint_20": [
        -0.015553813426745,
        -0.7972804113057195,
        -5.307239015485818
    ],
    "waypoint_56": [
        20.708439084432563,
        15.690384207568837,
        -1.3205295388397367
    ],
    "waypoint_19": [
        0.45111524798590713,
        0.04568256842927565,
        -5.35507570470529
    ],
    "waypoint_57": [
        20.64256939692165,
        16.553926115527055,
        -1.3720645014244
    ],
    "waypoint_18": [
        0.5965652165317497,
        1.9564224875406935,
        -5.442286932235983
    ],
    "waypoint_58": [
        20.368832802845066,
        16.40819332208748,
        -1.3502801867433947
    ],
    "waypoint_17": [
        0.21714703454025663,
        3.974167850340703,
        -5.531232887590951
    ],
    "waypoint_59": [
        19.90645587450487,
        15.846809416745774,
        -1.319793399475643
    ],
    "waypoint_16": [
        -0.15759299979446895,
        5.982987209706842,
        -5.629691094968505
    ],
    "Pose - 3": [
        20.093756357488402,
        15.7677892341419,
        -1.3181285232820834
    ],
    "waypoint_15": [
        -0.48054193696592956,
        8.00256702961006,
        -5.721428388195448
    ],
    "waypoint_61": [
        19.994377828297125,
        16.154625415170873,
        -1.3387682301372592
    ],
    "waypoint_14": [
        -0.8854636219516365,
        8.471218428974252,
        -5.723898413697663
    ],
    "waypoint_62": [
        20.42814186968438,
        18.17671584149488,
        -1.4408326566514147
    ],
    "waypoint_13": [
        -1.8039965226966854,
        8.946942398987698,
        -5.739103547224081
    ],
    "waypoint_63": [
        21.54694173916627,
        19.942882603252723,
        -1.5788217747754736
    ],
    "waypoint_12": [
        -3.728546681446863,
        9.659564008162766,
        -5.768406093493547
    ],
    "waypoint_64": [
        22.614255073100146,
        21.647110653526582,
        -1.7025952527165025
    ],
    "Pose - 1": [
        -4.062095396578124,
        9.839085869945317,
        -5.77800600505056
    ],
    "waypoint_65": [
        23.70963084955929,
        23.335211456219223,
        -1.8140975932213605
    ],
    "waypoint_10": [
        -3.992924658210831,
        9.705773720705754,
        -5.775517420542492
    ],
    "waypoint_66": [
        24.16495026065937,
        24.18674373816554,
        -1.863150279161265
    ],
    "waypoint_9": [
        -3.6440759984998876,
        9.784741351849739,
        -5.783877236039117
    ],
    "waypoint_67": [
        24.109639262091246,
        24.499031872056783,
        -1.8752217485923675
    ],
    "waypoint_8": [
        -3.0910374974439736,
        9.707894086167638,
        -5.757428965933782
    ],
    "waypoint_68": [
        22.44897804758978,
        25.735067698700064,
        -1.9195331822213257
    ],
    "waypoint_7": [
        -1.2842070018010474,
        8.79571121582508,
        -5.751831400162658
    ],
    "waypoint_69": [
        20.762183784165074,
        26.90491427034249,
        -1.9712316740876432
    ],
    "waypoint_6": [
        -1.3206002977870916,
        8.309737355722833,
        -5.724904350379105
    ],
    "waypoint_70": [
        19.17088537714155,
        28.191237173939903,
        -2.037484569125978
    ],
    "waypoint_5": [
        -0.8552288912863542,
        7.166168169535361,
        -5.6638885848879434
    ],
    "waypoint_71": [
        17.52073080605223,
        29.490135514092827,
        -2.094893454694598
    ],
    "waypoint_4": [
        -0.7617617405329733,
        5.118669817437436,
        -5.541269145025323
    ],
    "waypoint_72": [
        15.809225143791272,
        30.644288993674436,
        -2.147346361106042
    ],
    "waypoint_3": [
        -1.4072520535174857,
        3.1404777615760597,
        -5.417179477202622
    ],
    "waypoint_73": [
        14.11976880792188,
        31.83938998014763,
        -2.191414295031463
    ],
    "waypoint_2": [
        -2.1994010832794064,
        1.2795884457881612,
        -5.288974267266156
    ],