{
    "waypoint_15": [
        0.0,
        0.0,
        0.0
    ],
    "waypoint_14": [
        -1.9072073911979934,
        -0.7297443651724005,
        0.04780931619099463
    ],
    "waypoint_16": [
        2.045758798510061,
        -0.01078763769768365,
        -0.010185917430148461
    ],
    "waypoint_13": [
        -4.014610912415866,
        -0.8092035732665636,
        0.07993630168937854
    ],
    "waypoint_17": [
        4.006456997166063,
        0.4608674983765585,
        -0.05702678215763512
    ],
    "waypoint_12": [
        -4.378639551144895,
        -0.7401170282032409,
        0.0727355288549831
    ],
    "waypoint_18": [
        5.999120097639585,
        0.9721801525537139,
        -0.05148552937273088
    ],
    "waypoint_11": [
        -4.883811744374453,
        -1.197736900758816,
        0.07158655290334831
    ],
    "waypoint_19": [
        7.167367660033878,
        1.2987819230803217,
        -0.07325617864882739
    ],
    "waypoint_10": [
        -6.223249683263523,
        -2.6838601829095468,
        0.0682674191964614
    ],
    "waypoint_20": [
        7.866581809882444,
        1.4172089312534235,
        -0.09549058692957826
    ],
    "waypoint_9": [
        -4.533176083614213,
        -2.0352577800125307,
        0.07735283549433966
    ],
    "waypoint_21": [
        8.553194308624878,
        2.837869132945338,
        -0.10197351852330395
    ],
    "waypoint_8": [
        -2.4757408344571212,
        -1.6392732040993143,
        0.056779909826434105
    ],
    "waypoint_7": [
        -0.4510988805643543,
        -1.2868692416494953,
        0.038886925748913434
    ],
    "waypoint_6": [
        1.5735873664890176,
        -0.9563150796659075,
        0.023054581122936627
    ],
    "waypoint_5": [
        3.631125264878505,
        -0.5158514483626342,
        -0.0003081499965856306
    ],
    "waypoint_4": [
        5.608736699452187,
        -0.11294685045449648,
        -0.01677113521391103
    ],
    "waypoint_3": [
        6.186563131911675,
        0.0046837041450370626,
        -0.018613394397556174
    ],
    "waypoint_2": [
        7.379856831366164,
        1.616686136435647,
        -0.034065100619920186
    ],
    "waypoint_1": [
        8.611943895557413,
        3.244121279991931,
        -0.04997862101720778
    ],
    "waypoint_0": [
        8.741196369874014,
        3.5335855313687223,
        -0.08261064038110522
    ]
}